{"cameraMode":{"drawMode":0,"name":"Shaded","section":"Shading Mode"},"sceneLighting":true,"audioPlay":false,"sceneViewState":{"m_AlwaysRefresh":false,"showFog":true,"showSkybox":true,"showFlares":true,"showImageEffects":true,"showParticleSystems":true,"showVisualEffectGraphs":true,"m_FxEnabled":true},"in2DMode":false,"pivot":{"x":87.96072387695313,"y":1.6390166282653809,"z":-2.8947296142578127},"rotation":{"x":-0.0008341894717887044,"y":0.9902697801589966,"z":-0.0059416932053864,"w":-0.13904520869255067},"size":75.4690933227539,"orthographic":false}