{"cameraMode":{"drawMode":0,"name":"Shaded","section":"Shading Mode"},"sceneLighting":true,"audioPlay":false,"sceneViewState":{"m_AlwaysRefresh":false,"showFog":true,"showSkybox":true,"showFlares":true,"showImageEffects":true,"showParticleSystems":true,"showVisualEffectGraphs":true,"m_FxEnabled":true},"in2DMode":false,"pivot":{"x":129.63479614257813,"y":-12.65306282043457,"z":184.91819763183595},"rotation":{"x":0.17162339389324189,"y":0.016543982550501825,"z":-0.0028898485470563175,"w":0.9850307703018189},"size":45.41827392578125,"orthographic":false}