{"cameraMode":{"drawMode":0,"name":"Shaded","section":"Shading Mode"},"sceneLighting":true,"audioPlay":false,"sceneViewState":{"m_AlwaysRefresh":false,"showFog":true,"showSkybox":true,"showFlares":true,"showImageEffects":true,"showParticleSystems":true,"showVisualEffectGraphs":true,"m_FxEnabled":true},"in2DMode":false,"pivot":{"x":159.52313232421876,"y":-0.08656501770019531,"z":157.80270385742188},"rotation":{"x":-0.19909512996673585,"y":-0.28985849022865298,"z":0.061783500015735629,"w":-0.9340974688529968},"size":20.233476638793947,"orthographic":false}