{"cameraMode":{"drawMode":0,"name":"Shaded","section":"Shading Mode"},"sceneLighting":false,"audioPlay":false,"sceneViewState":{"m_AlwaysRefresh":false,"showFog":true,"showSkybox":false,"showFlares":true,"showImageEffects":true,"showParticleSystems":true,"showVisualEffectGraphs":true,"m_FxEnabled":true},"in2DMode":false,"pivot":{"x":0.31744909286499026,"y":0.2829870283603668,"z":-0.27281129360198977},"rotation":{"x":-0.056036610156297687,"y":-0.5811877250671387,"z":0.04016738757491112,"w":-0.8108512759208679},"size":0.6595101356506348,"orthographic":false}