{"cameraMode":{"drawMode":0,"name":"Shaded","section":"Shading Mode"},"sceneLighting":false,"audioPlay":false,"sceneViewState":{"m_AlwaysRefresh":false,"showFog":true,"showSkybox":false,"showFlares":true,"showImageEffects":true,"showParticleSystems":true,"showVisualEffectGraphs":true,"m_FxEnabled":true},"in2DMode":false,"pivot":{"x":0.2528088092803955,"y":0.15823104977607728,"z":0.48236680030822756},"rotation":{"x":-0.10045089572668076,"y":-0.1627984344959259,"z":0.016665449365973474,"w":-0.9813976287841797},"size":0.6595101356506348,"orthographic":false}